{"cameraMode":{"drawMode":0,"name":"Shaded","section":"Shading Mode"},"sceneLighting":false,"audioPlay":false,"sceneViewState":{"m_AlwaysRefresh":false,"showFog":true,"showSkybox":false,"showFlares":true,"showImageEffects":true,"showParticleSystems":true,"showVisualEffectGraphs":true,"m_FxEnabled":true},"in2DMode":false,"pivot":{"x":-5.090000152587891,"y":0.17999997735023499,"z":3.7799997329711916},"rotation":{"x":0.4297693371772766,"y":0.11014781147241593,"z":-0.05291430279612541,"w":0.8946882486343384},"size":2.0086441040039064,"orthographic":false}