{"cameraMode":{"drawMode":0,"name":"Shaded","section":"Shading Mode"},"sceneLighting":true,"audioPlay":false,"sceneViewState":{"m_AlwaysRefresh":false,"showFog":true,"showSkybox":true,"showFlares":true,"showImageEffects":true,"showParticleSystems":true,"showVisualEffectGraphs":true,"m_FxEnabled":true},"in2DMode":false,"pivot":{"x":2.387115240097046,"y":-1.3281230926513672,"z":7.8707122802734379},"rotation":{"x":-0.2447228729724884,"y":-0.024143310263752939,"z":0.0060956524685025219,"w":-0.9692829847335815},"size":11.322996139526368,"orthographic":false}