{"cameraMode":{"drawMode":0,"name":"Shaded","section":"Shading Mode"},"sceneLighting":false,"audioPlay":false,"sceneViewState":{"m_AlwaysRefresh":false,"showFog":true,"showSkybox":false,"showFlares":true,"showImageEffects":true,"showParticleSystems":true,"showVisualEffectGraphs":true,"m_FxEnabled":true},"in2DMode":false,"pivot":{"x":-13.960000038146973,"y":6.019999980926514,"z":-2.8499999046325685},"rotation":{"x":0.41516241431236269,"y":-0.027744578197598459,"z":0.012664633803069592,"w":0.9092923998832703},"size":0.4330126941204071,"orthographic":false}