{"cameraMode":{"drawMode":0,"name":"Shaded","section":"Shading Mode"},"sceneLighting":false,"audioPlay":false,"sceneViewState":{"m_AlwaysRefresh":false,"showFog":true,"showSkybox":false,"showFlares":true,"showImageEffects":true,"showParticleSystems":true,"showVisualEffectGraphs":true,"m_FxEnabled":true},"in2DMode":false,"pivot":{"x":-0.01409497857093811,"y":0.4959658980369568,"z":0.03549998998641968},"rotation":{"x":0.3398072123527527,"y":-0.1769154816865921,"z":0.06524259597063065,"w":0.9214295148849487},"size":2.7755331993103029,"orthographic":false}