{"cameraMode":{"drawMode":0,"name":"Shaded","section":"Shading Mode"},"sceneLighting":false,"audioPlay":false,"sceneViewState":{"m_AlwaysRefresh":false,"showFog":true,"showSkybox":false,"showFlares":true,"showImageEffects":true,"showParticleSystems":true,"showVisualEffectGraphs":true,"m_FxEnabled":true},"in2DMode":false,"pivot":{"x":5.373666286468506,"y":1.4099528789520264,"z":-0.050000086426734927},"rotation":{"x":0.30014321208000185,"y":0.22820235788822175,"z":-0.07416249066591263,"w":0.9232598543167114},"size":2.6442677974700929,"orthographic":false}